Txn Date,Narration,Withdrawal,Deposit
01/06/2026,NEFT/HDFCN26152345678/ACME TRADERS,,59000.00
02/06/2026,CHQ NO 004512 PAID RENT,18000.00,
04/06/2026,UPI/615123456789/kiran studio,,9000.00
06/06/2026,CASH DEPOSIT BRANCH,,25000.00
09/06/2026,IMPS/615998877665/AWS INDIA,4310.40,
12/06/2026,CHQ NO 004514 RAJ PRINTERS,12500.00,
15/06/2026,NEFT/SBIN26166001122/BHARAT FOODS LTD,,36000.00
20/06/2026,ACH DR LOAN EMI HDFC,15230.00,
28/06/2026,SMS ALERT CHRG INCL GST,17.70,
30/06/2026,INT.PD 01-04-26 TO 30-06-26,,1342.00
