Date,Voucher,Particulars,Debit,Credit,Chq No
2026-05-31,RCT-101,Acme Traders - inv RCS/0001,59000.00,,
2026-06-02,PMT-201,Rent June,,18000.00,004512
2026-06-03,RCT-102,Kiran Studio logo design,9000.00,,
2026-06-05,RCT-103,Cash sales deposited,15000.00,,
2026-06-05,RCT-104,Cash sales deposited (counter 2),10000.00,,
2026-06-08,PMT-202,AWS cloud hosting,,4310.40,
2026-06-10,PMT-203,Raj Printers brochures,,12500.00,004514
2026-06-14,RCT-105,Bharat Foods - SEO retainer,36000.00,,
2026-06-20,PMT-204,Loan EMI June,,15230.00,
2026-06-29,PMT-205,Orbit Labs - freelance designer,,7500.00,004515
2026-06-30,RCT-106,Cheque from Nimbus Health,52000.00,,
